title,provider,type,domains,level,issue_date,expiry_date,credential_id,credential_url,learning_path,description,tags
Microsoft 365 Certified: Fundamentals (MS-900),Microsoft,Certification,Cloud; Endpoint / M365,Beginner,2026-01-02,,95B255B13E00BCE7,https://learn.microsoft.com/en-us/users/harmvanholland-8024/credentials/95b255b13e00bce7,Modern Workplace,"Fundamentele kennis van Microsoft 365, inclusief cloudconcepten, apps en services, security, compliance, privacy, trust, pricing, licensing en support.","Microsoft 365; Fundamentals; Collaboration; Endpoint Management; Support"
Customer Service: Managing Customer Expectations,LinkedIn,Course,Customer Service; Communication,Beginner,2026-04-01,,2bd94467c064eae7864d86bcdbbdc93456249e318d9fb62d1db1aa59b316f69e,https://www.linkedin.com/learning/certificates/2bd94467c064eae7864d86bcdbbdc93456249e318d9fb62d1db1aa59b316f69e,Customer Service,"Richt zich op het managen van klantverwachtingen via duidelijke communicatie en servicegerichte afstemming.","Customer Service; Communication; Expectations Management; Service Delivery"
Boot.dev's Learn to Code in Python Course,Boot.dev,Course,Development; Automation,Beginner,2026-04-01,,fb22a163-4766-437d-9bd1-f6111cea5c28,https://www.boot.dev/certificates/fb22a163-4766-437d-9bd1-f6111cea5c28,Developer Growth,"Praktische basis in Python en programmeerconcepten via het Boot.dev leertraject.","Boot.dev; Python; Development; Automation"
Kaseya Certified Technician in Autotask PSA,Kaseya,Certification,Operations; Customer Service,Intermediate,2026-04-01,2028-04-01,,,Support Operations,"Praktische certificering gericht op gebruik en beheer van Autotask PSA binnen support- en serviceprocessen.","Kaseya; Autotask PSA; Operations; Support"
Kaseya Certified Technician in RocketCyber,Kaseya,Certification,Security; Operations,Intermediate,2026-05-01,2028-05-01,,,Security Operations,"Praktische certificering gericht op RocketCyber en operationele securitybewaking binnen managed IT-omgevingen.","Kaseya; RocketCyber; Security; Operations"
Kaseya Certified Technician in Cybersecurity,Kaseya,Certification,Security; Operations,Intermediate,2026-05-01,2028-05-01,,,Security Operations,"Praktische certificering gericht op cybersecurity-taken en operationele beveiliging binnen managed IT-omgevingen.","Kaseya; Cybersecurity; Security; Operations"
Cybersecurity Foundations,LinkedIn,Course,Security; Foundations,Beginner,2025-11-01,,fae170c1f17a50a0d64de777c44776ffdc2bd6fec61a5612e1a7b50a5fa2da9a,https://www.linkedin.com/learning/certificates/fae170c1f17a50a0d64de777c44776ffdc2bd6fec61a5612e1a7b50a5fa2da9a?trk=share_certificate,Security Foundations,"Introductie tot basisbegrippen, dreigingen en kernconcepten binnen cybersecurity.","LinkedIn; Cybersecurity; Security; Foundations"
What Is Generative AI?,LinkedIn,Course,AI; Foundations,Beginner,2025-11-01,,52bb111bbe0f054f2e6b77da08a2a419399edb91f727c90610246c9d3cf92b42,https://www.linkedin.com/learning/certificates/52bb111bbe0f054f2e6b77da08a2a419399edb91f727c90610246c9d3cf92b42?trk=share_certificate,AI Foundations,"Introductie tot generatieve AI, basisbegrippen en praktische toepassingsrichtingen.","LinkedIn; Generative AI; AI; Foundations"
Communication Foundations,LinkedIn,Course,Communication; Foundations,Beginner,2025-09-01,,4bde6d18e335738e35a9ba5f1c86f93f868b08eb5ad3875dd703f2d6162d3f5a,https://www.linkedin.com/learning/certificates/4bde6d18e335738e35a9ba5f1c86f93f868b08eb5ad3875dd703f2d6162d3f5a,Communication Foundations,"Introductie tot basisprincipes van communicatie en effectieve overdracht van informatie.","LinkedIn; Communication; Foundations"
Effective Listening,LinkedIn,Course,Communication; Listening,Beginner,2025-09-01,,c158c12954dd2f5eb7538f236c2a7ce7b373bf71301c50a77e841d795a3cdf7f,https://www.linkedin.com/learning/certificates/c158c12954dd2f5eb7538f236c2a7ce7b373bf71301c50a77e841d795a3cdf7f,Effective Listening,"Introductie tot actief luisteren en beter begrijpen van gesprekken in een professionele context.","LinkedIn; Communication; Listening"
Communication Foundations (NASBA),LinkedIn,Course,Communication; Foundations,Beginner,2025-09-01,,50ddd4f71638b83794bdef8fd40e382fa900742fe081b4b81c78e31fd47365ed,https://www.linkedin.com/learning/certificates/50ddd4f71638b83794bdef8fd40e382fa900742fe081b4b81c78e31fd47365ed?trk=share_certificate,Communication Foundations,"Communicatiebasis in een NASBA-variant voor professionele ontwikkeling en gestructureerde overdracht van informatie.","LinkedIn; Communication; Foundations; NASBA"
Communication Foundations (PMI),LinkedIn,Course,Communication; Foundations,Beginner,2025-09-01,,ce352c151711478e2dd24885c4cdf46786466761e147c5893ddd72519602ff34,https://www.linkedin.com/learning/certificates/ce352c151711478e2dd24885c4cdf46786466761e147c5893ddd72519602ff34?trk=share_certificate,Communication Foundations,"Communicatiebasis in een PMI-variant met focus op duidelijke afstemming en overdracht binnen professionele context.","LinkedIn; Communication; Foundations; PMI"
Effective Listening (NASBA),LinkedIn,Course,Communication; Listening,Beginner,2025-09-01,,8433f54beb5f0a4add20534b05c98e206c218e79e8aa6e4345ce41bc03aa39df,https://www.linkedin.com/learning/certificates/8433f54beb5f0a4add20534b05c98e206c218e79e8aa6e4345ce41bc03aa39df?trk=share_certificate,Effective Listening,"Actief luisteren in een NASBA-variant, gericht op beter begrip, communicatie en professionele interactie.","LinkedIn; Communication; Listening; NASBA"
Microsoft Copilot for Productivity by Microsoft and LinkedIn,Microsoft,Course,AI; Productivity,Beginner,2025-09-01,,eadae347d763beb4c56f0638aaffe50ffa60f962e73142cff61a702d29688737,https://www.linkedin.com/learning/certificates/eadae347d763beb4c56f0638aaffe50ffa60f962e73142cff61a702d29688737,AI Productivity,"Introductie tot productiever werken met Microsoft Copilot in een moderne werkcontext.","Microsoft; Copilot; AI; Productivity"
Human Skills in the Age of AI by Microsoft and LinkedIn,Microsoft,Course,AI; Human Skills,Beginner,2025-09-01,,9c1679bf85ffe722f97347555cbb4d7662ab8f8cb014f754941938940ab9ea2f,https://www.linkedin.com/learning/certificates/9c1679bf85ffe722f97347555cbb4d7662ab8f8cb014f754941938940ab9ea2f,AI Leadership,"Versterkt mensgerichte vaardigheden en professionele effectiviteit in een AI-gedreven werkcontext.","Microsoft; AI; Human Skills; Leadership"
AI for Managers by Microsoft and LinkedIn,Microsoft,Course,AI; Leadership,Beginner,2025-09-01,,2cc8fd58e0fc46a099340ffa4077153fc2920430f1b5874ee07293e634ea18bb,https://www.linkedin.com/learning/certificates/2cc8fd58e0fc46a099340ffa4077153fc2920430f1b5874ee07293e634ea18bb,AI Leadership,"Introductie tot het toepassen van AI in management- en besluitvormingsprocessen.","Microsoft; AI; Managers; Leadership"
AI for Organizational Leaders by Microsoft and LinkedIn,Microsoft,Course,AI; Leadership,Beginner,2025-09-01,,570ce5001c69bd537a0a07dba21023d5cf19c4033dd86de382d28917bb54b721,https://www.linkedin.com/learning/certificates/570ce5001c69bd537a0a07dba21023d5cf19c4033dd86de382d28917bb54b721,AI Leadership,"Behandelt hoe organisatieleiders AI strategisch kunnen inzetten voor richting, adoptie en impact.","Microsoft; AI; Leadership; Strategy"
Microsoft Security Essentials Professional Certificate by Microsoft and LinkedIn,Microsoft,Professional Certificate,Security; Fundamentals,Intermediate,2025-11-01,,5d0c2f529404abf11f26c84629121c1dab1cbce59aa28e63f3ff7abbef14e460,https://www.linkedin.com/learning/certificates/5d0c2f529404abf11f26c84629121c1dab1cbce59aa28e63f3ff7abbef14e460,Security Foundations,"Professioneel certificaat gericht op Microsoft security-basiskennis, compliance en identity-gerelateerde kernconcepten.","Microsoft; Security; Fundamentals; Professional Certificate"
Career Essentials in Cybersecurity by Microsoft and LinkedIn,Microsoft,Professional Certificate,Security; Career Development,Intermediate,2025-12-01,,a3bb26d338753c63945fc0ec09cfef47dab3d715d36b4832aa87dc85a1838f01,https://www.linkedin.com/learning/certificates/a3bb26d338753c63945fc0ec09cfef47dab3d715d36b4832aa87dc85a1838f01,Cybersecurity Career Growth,"Professioneel certificaat gericht op cybersecurity-basiskennis en loopbaanontwikkeling in moderne IT-omgevingen.","Microsoft; Cybersecurity; Career Development; Professional Certificate"
Microsoft Applied Skills: Create agents in Microsoft Copilot Studio,Microsoft,Applied Skill,AI; Automation,Intermediate,2026-02-01,,BB2911F9AA3CBC43,https://learn.microsoft.com/api/credentials/share/en-us/HarmvanHolland-8024/BB2911F9AA3CBC43?sharingId,Copilot Studio Skills,"Praktische applied skill gericht op het bouwen van agents in Microsoft Copilot Studio.","Microsoft; Copilot Studio; AI; Automation"
Microsoft Applied Skills: Streamline business workflows with AI chat,Microsoft,Applied Skill,AI; Workflow Automation,Intermediate,2026-02-01,,9787BCF0DD1877BF,https://learn.microsoft.com/api/credentials/share/en-us/HarmvanHolland-8024/9787BCF0DD1877BF?sharingId,AI Workflow Skills,"Praktische applied skill gericht op het stroomlijnen van bedrijfsworkflows met AI-chatoplossingen.","Microsoft; AI Chat; Workflow Automation; Applied Skills"
Microsoft Applied Skills: Rapporten genereren met AI-onderzoeksagents,Microsoft,Applied Skill,AI; Reporting,Intermediate,2026-02-01,,76AA12C68DB78BDB,https://learn.microsoft.com/api/credentials/share/nl-nl/HarmvanHolland-8024/76AA12C68DB78BDB?sharingId,AI Reporting Skills,"Praktische applied skill gericht op het genereren van rapporten met AI-onderzoeksagents.","Microsoft; AI; Reporting; Applied Skills"
Microsoft Applied Skills: Prepare security and compliance to support Microsoft 365 Copilot,Microsoft,Applied Skill,Security; Compliance,Intermediate,2026-03-01,,A50762ABE4529986,https://learn.microsoft.com/api/credentials/share/en-us/HarmvanHolland-8024/A50762ABE4529986?sharingId,Security Readiness,"Praktische applied skill gericht op security- en compliancevoorbereiding voor Microsoft 365 Copilot.","Microsoft; Security; Compliance; Copilot"
Negotiation Professional Certificate by American Negotiation Institute,American Negotiation Institute,Professional Certificate,Negotiation; Communication,Intermediate,2025-11-01,,9b053e9f420704f9dbe1d67b8d9ca92af53383b83eccf5ba6063249a10a561ef,https://www.linkedin.com/learning/certificates/9b053e9f420704f9dbe1d67b8d9ca92af53383b83eccf5ba6063249a10a561ef,Negotiation Skills,"Professioneel certificaat gericht op onderhandelingstechnieken, communicatie en praktische onderhandelingsvaardigheden.","American Negotiation Institute; Negotiation; Communication; Professional Certificate"
Learning Microsoft 365 Copilot for Work,LinkedIn,Course,AI; Productivity,Beginner,2025-09-01,,1887278bd418414af57fe2dc9a9c13b528d1106593c168fe8584a76b5963cca2,https://www.linkedin.com/learning/certificates/1887278bd418414af57fe2dc9a9c13b528d1106593c168fe8584a76b5963cca2,M365 Copilot,"Introductie tot werken met Microsoft 365 Copilot in een moderne werk- en supportcontext.","LinkedIn; Microsoft 365 Copilot; AI; Productivity"
Microsoft Copilot: The Art of Prompt Writing,LinkedIn,Course,AI; Prompting,Beginner,2025-09-01,,6a29c164e26bab15c9439b37e5bc934725d6071a0e66761d21a4f526e751512b,https://www.linkedin.com/learning/certificates/6a29c164e26bab15c9439b37e5bc934725d6071a0e66761d21a4f526e751512b,Copilot Prompting,"Introductie tot effectief prompten voor Microsoft Copilot en AI-ondersteunde werkprocessen.","LinkedIn; Microsoft Copilot; Prompting; AI"
Copilot in Teams: AI-Powered Collaboration,LinkedIn,Course,AI; Collaboration,Beginner,2025-09-01,,7d65c17f86f24ceaf58c6ec8f1ec494210ad0699234fd101154222aa2036f94a,https://www.linkedin.com/learning/certificates/7d65c17f86f24ceaf58c6ec8f1ec494210ad0699234fd101154222aa2036f94a?trk=share_certificate,M365 Copilot Collaboration,"Introductie tot samenwerking met Copilot in Teams en AI-ondersteunde communicatie in werkcontext.","LinkedIn; Microsoft Copilot; Teams; Collaboration"
Copilot in Teams: AI-Powered Collaboration (PMI),LinkedIn,Course,AI; Collaboration,Beginner,2025-09-01,,18a571d4bc27cde8f18e588208b7cc6d06459d2f9b3c4b46169373cab7b86e6a,https://www.linkedin.com/learning/certificates/18a571d4bc27cde8f18e588208b7cc6d06459d2f9b3c4b46169373cab7b86e6a?trk=share_certificate,M365 Copilot Collaboration,"PMI-variant van samenwerking met Copilot in Teams, gericht op AI-ondersteunde afstemming en werkprocessen.","LinkedIn; Microsoft Copilot; Teams; Collaboration; PMI"
Copilot in Outlook: Maximize Your Workday Efficiency,LinkedIn,Course,AI; Productivity,Beginner,2025-09-01,,cfbd8af35af9292e5fd1bb58e9ee5e25ca02862d42ff2653321cbf138e54b8f3,https://www.linkedin.com/learning/certificates/cfbd8af35af9292e5fd1bb58e9ee5e25ca02862d42ff2653321cbf138e54b8f3,M365 Copilot Productivity,"Introductie tot slimmer werken met Copilot in Outlook voor e-mail, planning en dagelijkse efficiëntie.","LinkedIn; Microsoft Copilot; Outlook; Productivity"
Copilot in Word: Create and Refine Documents with AI,LinkedIn,Course,AI; Productivity,Beginner,2025-09-01,,02562b5d4cecac0ccd26338ccb0b20f3abede5f8bf12d71748f96bde1fa5136d,https://www.linkedin.com/learning/certificates/02562b5d4cecac0ccd26338ccb0b20f3abede5f8bf12d71748f96bde1fa5136d,M365 Copilot Productivity,"Introductie tot het maken en verfijnen van documenten met Copilot in Word en AI-ondersteunde schrijfhulp.","LinkedIn; Microsoft Copilot; Word; Productivity"
Excel with Copilot: AI-Driven Data Analysis,LinkedIn,Course,AI; Data Analysis,Beginner,2025-09-01,,6af2b371ca1fa99836f99ac10f72cdda21ecb48f5c6c5dddd7ed19d4202cfb96,https://www.linkedin.com/learning/certificates/6af2b371ca1fa99836f99ac10f72cdda21ecb48f5c6c5dddd7ed19d4202cfb96,M365 Copilot Data Analysis,"Introductie tot data-analyse met Copilot in Excel en AI-ondersteunde inzichten in spreadsheets.","LinkedIn; Microsoft Copilot; Excel; Data Analysis"
Excel with Copilot: AI-Driven Data Analysis (PMI),LinkedIn,Course,AI; Data Analysis,Beginner,2025-09-01,,c95c86ef4cb4912c2b512a2291dda852b6e648bb5091262fc13e5eef2a32327f,https://www.linkedin.com/learning/certificates/c95c86ef4cb4912c2b512a2291dda852b6e648bb5091262fc13e5eef2a32327f?trk=share_certificate,M365 Copilot Data Analysis,"PMI-variant van data-analyse met Copilot in Excel, gericht op AI-ondersteunde analyse en besluitvorming.","LinkedIn; Microsoft Copilot; Excel; Data Analysis; PMI"
Copilot in PowerPoint: From Prompt to Presentation,LinkedIn,Course,AI; Presentations,Beginner,2025-09-01,,b4d436cf91d59f3c8655a4118b23d7523510b19e89a1972530e32b78fcb8fcbe,https://www.linkedin.com/learning/certificates/b4d436cf91d59f3c8655a4118b23d7523510b19e89a1972530e32b78fcb8fcbe,M365 Copilot Presentations,"Introductie tot het maken en verfijnen van presentaties met Copilot in PowerPoint en AI-ondersteunde presentatie-opbouw.","LinkedIn; Microsoft Copilot; PowerPoint; Presentations"
Investing in Human Skills in the Age of AI,LinkedIn,Course,AI; Human Skills,Beginner,2025-09-01,,11159ab9e5b18459d42883b9f06ff8fccc9e8b29e4c7d4d98a4040e254db0975,https://www.linkedin.com/learning/certificates/11159ab9e5b18459d42883b9f06ff8fccc9e8b29e4c7d4d98a4040e254db0975,AI Human Skills,"Introductie tot het belang van menselijke vaardigheden in een AI-gedreven werkcontext en professionele samenwerking.","LinkedIn; AI; Human Skills; Professional Development"
Investing in Human Skills in the Age of AI (PMI),LinkedIn,Course,AI; Human Skills,Beginner,2025-09-01,,d1f19fee6e5feba9d181e98615cc95fd837da1ffe6e0a60d1c2adb883d4b353d,https://www.linkedin.com/learning/certificates/d1f19fee6e5feba9d181e98615cc95fd837da1ffe6e0a60d1c2adb883d4b353d?trk=share_certificate,AI Human Skills,"PMI-variant van menselijke vaardigheden in het AI-tijdperk, gericht op samenwerking, communicatie en professionele effectiviteit.","LinkedIn; AI; Human Skills; PMI"
Building an Adaptability Mindset in the Age of AI,LinkedIn,Course,AI; Adaptability,Beginner,2025-09-01,,4f578bc6d446fbcd826b23d53e739f10887d7023f44c2f18e033188de9013fe8,https://www.linkedin.com/learning/certificates/4f578bc6d446fbcd826b23d53e739f10887d7023f44c2f18e033188de9013fe8,AI Human Skills,"Introductie tot adaptief denken en professioneel omgaan met verandering in een AI-gedreven werkcontext.","LinkedIn; AI; Adaptability; Human Skills"
Building an Adaptability Mindset in the Age of AI (PMI),LinkedIn,Course,AI; Adaptability,Beginner,2025-09-01,,b23421795f37d5c1667093f0b1ffa17733794b2ea59e22ed111d23e4bedb62ef,https://www.linkedin.com/learning/certificates/b23421795f37d5c1667093f0b1ffa17733794b2ea59e22ed111d23e4bedb62ef?trk=share_certificate,AI Human Skills,"PMI-variant over adaptief denken en professionele wendbaarheid in het AI-tijdperk.","LinkedIn; AI; Adaptability; Human Skills; PMI"
Leveraging the Power of Social Intelligence in the Age of AI,LinkedIn,Course,AI; Social Intelligence,Beginner,2025-09-01,,df442869094a4d36a7cc6ae49b34c072e1203e896dbabad21bdddeb2898c5819,https://www.linkedin.com/learning/certificates/df442869094a4d36a7cc6ae49b34c072e1203e896dbabad21bdddeb2898c5819,AI Human Skills,"Introductie tot sociale intelligentie en effectieve samenwerking in een AI-gedreven werkcontext.","LinkedIn; AI; Social Intelligence; Human Skills"
Leveraging the Power of Social Intelligence in the Age of AI (PMI),LinkedIn,Course,AI; Social Intelligence,Beginner,2025-09-01,,a942b12f82b4b73c224e87be18f3cd58ed3758a4b29b4e2565864637ef174f71,https://www.linkedin.com/learning/certificates/a942b12f82b4b73c224e87be18f3cd58ed3758a4b29b4e2565864637ef174f71?trk=share_certificate,AI Human Skills,"PMI-variant over sociale intelligentie, samenwerking en professionele effectiviteit in het AI-tijdperk.","LinkedIn; AI; Social Intelligence; Human Skills; PMI"
Amplify Your Communication Skills with Generative AI,LinkedIn,Course,AI; Communication,Beginner,2025-09-01,,4022e6e106e1fd3d9b051c0f7ceea2607ba716bd3851a1b75e55bd5245e1fb1f,https://www.linkedin.com/learning/certificates/4022e6e106e1fd3d9b051c0f7ceea2607ba716bd3851a1b75e55bd5245e1fb1f,AI Communication Skills,"Introductie tot het versterken van communicatievaardigheden met generatieve AI in professionele werkcontext.","LinkedIn; AI; Generative AI; Communication; Human Skills"
Amplify Your Communication Skills with Generative AI (NASBA),LinkedIn,Course,AI; Communication,Beginner,2025-09-01,,26995d04b94454e9db932e2eaadddb021aadc3a0f41a631f2088b0f4596c7626,https://www.linkedin.com/learning/certificates/26995d04b94454e9db932e2eaadddb021aadc3a0f41a631f2088b0f4596c7626?trk=share_certificate,AI Communication Skills,"NASBA-variant over het versterken van communicatievaardigheden met generatieve AI in professionele werkcontext.","LinkedIn; AI; Generative AI; Communication; Human Skills; NASBA"
Amplify Your Critical Thinking with Generative AI,LinkedIn,Course,AI; Critical Thinking,Beginner,2025-09-01,,e6fc0a6c2a6aca9706c152af0a1254930c75503703ad634cd221b64d0380ea28,https://www.linkedin.com/learning/certificates/e6fc0a6c2a6aca9706c152af0a1254930c75503703ad634cd221b64d0380ea28,AI Critical Thinking,"Introductie tot het versterken van kritisch denken met generatieve AI in professionele besluitvorming en analyse.","LinkedIn; AI; Generative AI; Critical Thinking; Human Skills"
Amplify Your Critical Thinking with Generative AI (NASBA),LinkedIn,Course,AI; Critical Thinking,Beginner,2025-09-01,,cebc8211f2279da05060f74dd25233a060ac70747700faf77bd9289f3b346a9e,https://www.linkedin.com/learning/certificates/cebc8211f2279da05060f74dd25233a060ac70747700faf77bd9289f3b346a9e?trk=share_certificate,AI Critical Thinking,"NASBA-variant over het versterken van kritisch denken met generatieve AI in professionele besluitvorming en analyse.","LinkedIn; AI; Generative AI; Critical Thinking; Human Skills; NASBA"
Amplify Your Critical Thinking with Generative AI (PMI),LinkedIn,Course,AI; Critical Thinking,Beginner,2025-09-01,,0b0928e066ff3dfc6822d1783f9d18c79e9ac075c1b7151fb3a91c154cf23263,https://www.linkedin.com/learning/certificates/0b0928e066ff3dfc6822d1783f9d18c79e9ac075c1b7151fb3a91c154cf23263?trk=share_certificate,AI Critical Thinking,"PMI-variant over kritisch denken met generatieve AI, gericht op analyse, besluitvorming en professionele effectiviteit.","LinkedIn; AI; Generative AI; Critical Thinking; Human Skills; PMI"
Strengthen Your Decision-Making with Generative AI,LinkedIn,Course,AI; Decision Making,Beginner,2025-09-01,,a8aba2eea8df7f7240054a5e78257cca5c67c3708097e998ec702617bee978e1,https://www.linkedin.com/learning/certificates/a8aba2eea8df7f7240054a5e78257cca5c67c3708097e998ec702617bee978e1,AI Decision Making,"Introductie tot het versterken van besluitvorming met generatieve AI in professionele analyse- en werkprocessen.","LinkedIn; AI; Generative AI; Decision Making; Human Skills"
Strengthen Your Decision-Making with Generative AI (PMI),LinkedIn,Course,AI; Decision Making,Beginner,2025-09-01,,af81756b42f65484a15fed77c8e2ca1b6e44e14952669c1b939c968183738042,https://www.linkedin.com/learning/certificates/af81756b42f65484a15fed77c8e2ca1b6e44e14952669c1b939c968183738042?trk=share_certificate,AI Decision Making,"PMI-variant over besluitvorming met generatieve AI, gericht op analyse, afwegingen en professionele effectiviteit.","LinkedIn; AI; Generative AI; Decision Making; Human Skills; PMI"
Strengthen Your Decision-Making with Generative AI (NASBA),LinkedIn,Course,AI; Decision Making,Beginner,2025-09-01,,5743413a0e12541d0c22631f84c16d88c9e5117d44e5e8cb3d17c5a42e5b348a,https://www.linkedin.com/learning/certificates/5743413a0e12541d0c22631f84c16d88c9e5117d44e5e8cb3d17c5a42e5b348a?trk=share_certificate,AI Decision Making,"NASBA-variant over besluitvorming met generatieve AI, gericht op analyse, afwegingen en professionele effectiviteit.","LinkedIn; AI; Generative AI; Decision Making; Human Skills; NASBA"
Integrating Generative AI into the Creative Process,LinkedIn,Course,AI; Creativity,Beginner,2025-09-01,,4e7e8f43ad58410a467c69f3cf0f5f4e461be9713c069d69ef0b61d95fa263ce,https://www.linkedin.com/learning/certificates/4e7e8f43ad58410a467c69f3cf0f5f4e461be9713c069d69ef0b61d95fa263ce,AI Creative Process,"Introductie tot het toepassen van generatieve AI binnen creatieve processen, ideevorming en professionele contentontwikkeling.","LinkedIn; AI; Generative AI; Creativity; Creative Process"
Become an AI-Powered People Manager,LinkedIn,Course,AI; People Management,Beginner,2025-09-01,,3b5749eda66045b7a5adb925f254453b4916a6a41c4924dff32cb44a77bf515a,https://www.linkedin.com/learning/certificates/3b5749eda66045b7a5adb925f254453b4916a6a41c4924dff32cb44a77bf515a,AI People Management,"Introductie tot het inzetten van AI in people management, teamondersteuning en moderne leiderschapspraktijken.","LinkedIn; AI; People Management; Leadership; Human Skills"
Become an AI-Powered People Manager (NASBA),LinkedIn,Course,AI; People Management,Beginner,2025-09-01,,5ddb3a3b2e80d0edfc80e1f5e394b66b7cca78d5f38c9050c4d49208a7f0153d,https://www.linkedin.com/learning/certificates/5ddb3a3b2e80d0edfc80e1f5e394b66b7cca78d5f38c9050c4d49208a7f0153d?trk=share_certificate,AI People Management,"NASBA-variant over het inzetten van AI in people management, teamondersteuning en moderne leiderschapspraktijken.","LinkedIn; AI; People Management; Leadership; Human Skills; NASBA"
The Manager's Guide to Career Conversations in the Age of AI,LinkedIn,Course,AI; Career Development,Beginner,2025-09-01,,c4d21af88d8d2e5644e58dabe059aae048a45537c29caa316ca3c40e26e32b56,https://www.linkedin.com/learning/certificates/c4d21af88d8d2e5644e58dabe059aae048a45537c29caa316ca3c40e26e32b56,AI Career Development,"Introductie tot loopbaangesprekken en begeleiding in een AI-gedreven werkcontext.","LinkedIn; AI; Career Development; Leadership; Human Skills"
The Manager's Guide to Career Conversations in the Age of AI (NASBA),LinkedIn,Course,AI; Career Development,Beginner,2025-09-01,,93740915e8d569ac4fabc77e7709e122734a8a82e14ebe1a46c1f2fca46a7c2b,https://www.linkedin.com/learning/certificates/93740915e8d569ac4fabc77e7709e122734a8a82e14ebe1a46c1f2fca46a7c2b?trk=share_certificate,AI Career Development,"NASBA-variant over loopbaangesprekken en begeleiding in een AI-gedreven werkcontext.","LinkedIn; AI; Career Development; Leadership; Human Skills; NASBA"
Enhance Your Coaching Impact with Generative AI,LinkedIn,Course,AI; Coaching,Beginner,2025-09-01,,b537c088ee9f0cb23b6abe6062859f3f313ef6cbff7f12b8e634af2401cd3378,https://www.linkedin.com/learning/certificates/b537c088ee9f0cb23b6abe6062859f3f313ef6cbff7f12b8e634af2401cd3378,AI Coaching Impact,"Introductie tot het versterken van coaching en begeleiding met generatieve AI in professionele werkcontext.","LinkedIn; AI; Generative AI; Coaching; Human Skills"
Enhance Your Coaching Impact with Generative AI (NASBA),LinkedIn,Course,AI; Coaching,Beginner,2025-09-01,,3339d4412dfcf37130aa15520141af282e123bf33ffa2771c9af3fc8b0097bc5,https://www.linkedin.com/learning/certificates/3339d4412dfcf37130aa15520141af282e123bf33ffa2771c9af3fc8b0097bc5?trk=share_certificate,AI Coaching Impact,"NASBA-variant over het versterken van coaching en begeleiding met generatieve AI in professionele werkcontext.","LinkedIn; AI; Generative AI; Coaching; Human Skills; NASBA"
Enhance Your Coaching Impact with Generative AI (PMI),LinkedIn,Course,AI; Coaching,Beginner,2025-09-01,,da2b563ccc516b928857a89406338c4ce420c12c62d01f02e322e5fd5174b577,https://www.linkedin.com/learning/certificates/da2b563ccc516b928857a89406338c4ce420c12c62d01f02e322e5fd5174b577?trk=share_certificate,AI Coaching Impact,"PMI-variant over coaching-impact met generatieve AI, gericht op begeleiding, communicatie en professionele effectiviteit.","LinkedIn; AI; Generative AI; Coaching; Human Skills; PMI"
Building a Collaborative Team Culture with AI,LinkedIn,Course,AI; Team Collaboration,Beginner,2025-09-01,,ab1799a12c672d3b9e4cca4a460db112e6cdc602569fe9977b5f29e9aa02e0ea,https://www.linkedin.com/learning/certificates/ab1799a12c672d3b9e4cca4a460db112e6cdc602569fe9977b5f29e9aa02e0ea,AI Team Collaboration,"Introductie tot het bouwen van een samenwerkende teamcultuur met AI in moderne werkcontexten.","LinkedIn; AI; Team Collaboration; Culture; Human Skills"
Building a Collaborative Team Culture with AI (NASBA),LinkedIn,Course,AI; Team Collaboration,Beginner,2025-09-01,,380f696f387868b2d53d42cb8ca69a6fcbc19a3ff178f39c1d9b867c817937d3,https://www.linkedin.com/learning/certificates/380f696f387868b2d53d42cb8ca69a6fcbc19a3ff178f39c1d9b867c817937d3?trk=share_certificate,AI Team Collaboration,"NASBA-variant over het bouwen van een samenwerkende teamcultuur met AI in moderne werkcontexten.","LinkedIn; AI; Team Collaboration; Culture; Human Skills; NASBA"
Responsible AI for Managers,LinkedIn,Course,AI; Responsible AI,Beginner,2025-09-01,,b2d7714f9d64e44806b04cb3679c9518debb4db3ea046cc5b3ca79c0b0b22d9a,https://www.linkedin.com/learning/certificates/b2d7714f9d64e44806b04cb3679c9518debb4db3ea046cc5b3ca79c0b0b22d9a,Responsible AI Leadership,"Introductie tot verantwoord gebruik van AI voor managers, met aandacht voor governance, risico's en ethische toepassing.","LinkedIn; AI; Responsible AI; Leadership; Governance"
Generative AI for Business Leaders,LinkedIn,Course,AI; Business Leadership,Beginner,2025-09-01,,0eb429d03ac17a68d97f450440a96ab5d2ecab0a1837b96f0077886a4957d740,https://www.linkedin.com/learning/certificates/0eb429d03ac17a68d97f450440a96ab5d2ecab0a1837b96f0077886a4957d740,AI Business Leadership,"Introductie tot generatieve AI voor business leaders, gericht op strategie, impact en verantwoord gebruik in organisaties.","LinkedIn; AI; Generative AI; Business Leadership; Strategy"
Generative AI for Business Leaders (NASBA),LinkedIn,Course,AI; Business Leadership,Beginner,2025-09-01,,ea8a6107c08a252784c4a760e8eedf65162ada61c5be78b529342e745421fad5,https://www.linkedin.com/learning/certificates/ea8a6107c08a252784c4a760e8eedf65162ada61c5be78b529342e745421fad5?trk=share_certificate,AI Business Leadership,"NASBA-variant over generatieve AI voor business leaders, gericht op strategie, impact en verantwoord gebruik in organisaties.","LinkedIn; AI; Generative AI; Business Leadership; Strategy; NASBA"
How to Keep Your Team on the Bleeding Edge of AI Innovation,LinkedIn,Course,AI; Leadership,Beginner,2025-09-01,,31277ae685c6f3a3f60b86d6ab61a9ad972ad70eb6e93b38b8b8b05c33f96615,https://www.linkedin.com/learning/certificates/31277ae685c6f3a3f60b86d6ab61a9ad972ad70eb6e93b38b8b8b05c33f96615,AI Innovation Leadership,"Introductie tot het stimuleren van AI-innovatie binnen teams en het bijhouden van technologische ontwikkelingen.","LinkedIn; AI; Innovation; Leadership; Team Development"
How to Keep Your Team on the Bleeding Edge of AI Innovation (NASBA),LinkedIn,Course,AI; Leadership,Beginner,2025-09-01,,e350c4ef6a3b130c33a1ff9aef823675ca07cffee2cdf860342395ed8eaab4dd,https://www.linkedin.com/learning/certificates/e350c4ef6a3b130c33a1ff9aef823675ca07cffee2cdf860342395ed8eaab4dd?trk=share_certificate,AI Innovation Leadership,"NASBA-variant over het stimuleren van AI-innovatie binnen teams en het bijhouden van technologische ontwikkelingen.","LinkedIn; AI; Innovation; Leadership; Team Development; NASBA"
AI Challenges and Opportunities for Leadership,LinkedIn,Course,AI; Leadership,Beginner,2025-09-01,,fe13cebd3b73f85d1850093e112a8ac30e3a70ba95bcd8a90fad4da8af84fb31,https://www.linkedin.com/learning/certificates/fe13cebd3b73f85d1850093e112a8ac30e3a70ba95bcd8a90fad4da8af84fb31,AI Leadership,"Introductie tot kansen, uitdagingen en leiderschapskeuzes rond AI-adoptie in organisaties.","LinkedIn; AI; Leadership; Opportunities; Challenges"
AI Challenges and Opportunities for Leadership (NASBA),LinkedIn,Course,AI; Leadership,Beginner,2025-09-01,,3e616ebbb6ada62c3f49935e0e3383547ef8b0ba48da664ed57d24412ef7efb1,https://www.linkedin.com/learning/certificates/3e616ebbb6ada62c3f49935e0e3383547ef8b0ba48da664ed57d24412ef7efb1?trk=share_certificate,AI Leadership,"NASBA-variant over kansen, uitdagingen en leiderschapskeuzes rond AI-adoptie in organisaties.","LinkedIn; AI; Leadership; Opportunities; Challenges; NASBA"
AI Challenges and Opportunities for Leadership (PMI),LinkedIn,Course,AI; Leadership,Beginner,2025-09-01,,1d045c528a46d4410937cb1feea0d2ea197636e897457e7707f7cd044fa09eb6,https://www.linkedin.com/learning/certificates/1d045c528a46d4410937cb1feea0d2ea197636e897457e7707f7cd044fa09eb6?trk=share_certificate,AI Leadership,"PMI-variant over kansen, uitdagingen en leiderschapskeuzes rond AI-adoptie in organisaties.","LinkedIn; AI; Leadership; Opportunities; Challenges; PMI"
Integrating Generative AI into Business Strategy,LinkedIn,Course,AI; Business Strategy,Beginner,2025-09-01,,94498f19edc54e93aa86b8cfa955e26aa001d73b4cba743fb703602adcafe417,https://www.linkedin.com/learning/certificates/94498f19edc54e93aa86b8cfa955e26aa001d73b4cba743fb703602adcafe417,AI Business Strategy,"Introductie tot het integreren van generatieve AI in bedrijfsstrategie, besluitvorming en organisatierichting.","LinkedIn; AI; Generative AI; Business Strategy; Leadership"
Integrating Generative AI into Business Strategy (NASBA),LinkedIn,Course,AI; Business Strategy,Beginner,2025-09-01,,59ed49d7eab959cbbab30544fb7d778e251f1fab48d03db28f9ad1f191e8b5dc,https://www.linkedin.com/learning/certificates/59ed49d7eab959cbbab30544fb7d778e251f1fab48d03db28f9ad1f191e8b5dc?trk=share_certificate,AI Business Strategy,"NASBA-variant over het integreren van generatieve AI in bedrijfsstrategie, besluitvorming en organisatierichting.","LinkedIn; AI; Generative AI; Business Strategy; Leadership; NASBA"
Integrating Generative AI into Business Strategy (PMI),LinkedIn,Course,AI; Business Strategy,Beginner,2025-09-01,,699e77c32d9ee018584a7f737306e2b96be18d4fde209e1f43b75bf02d69bca3,https://www.linkedin.com/learning/certificates/699e77c32d9ee018584a7f737306e2b96be18d4fde209e1f43b75bf02d69bca3?trk=share_certificate,AI Business Strategy,"PMI-variant over het integreren van generatieve AI in bedrijfsstrategie, projectcontext en organisatierichting.","LinkedIn; AI; Generative AI; Business Strategy; Leadership; PMI"
Integrating Generative AI into Business Strategy (SHRM),LinkedIn,Course,AI; Business Strategy,Beginner,2025-09-01,,5f9a6e78bfb150ddb2a7db715e08fb941f777d5d7c24182e54e702780f776107,https://www.linkedin.com/learning/certificates/5f9a6e78bfb150ddb2a7db715e08fb941f777d5d7c24182e54e702780f776107?trk=share_certificate,AI Business Strategy,"SHRM-variant over het integreren van generatieve AI in bedrijfsstrategie, organisatieontwikkeling en HR-context.","LinkedIn; AI; Generative AI; Business Strategy; Leadership; SHRM"
Integrating Generative AI into Business Strategy (HRCI),LinkedIn,Course,AI; Business Strategy,Beginner,2025-09-01,,50a130e126c2edec7719ea36ef15eb8348b154652f1577fbae0f301998d7810d,https://www.linkedin.com/learning/certificates/50a130e126c2edec7719ea36ef15eb8348b154652f1577fbae0f301998d7810d?trk=share_certificate,AI Business Strategy,"HRCI-variant over het integreren van generatieve AI in bedrijfsstrategie, organisatieontwikkeling en HR-context.","LinkedIn; AI; Generative AI; Business Strategy; Leadership; HRCI"
AI Literacy for Business Leaders,LinkedIn,Course,AI; Business Leadership,Beginner,2025-09-01,,592f78acd6321559160326b1532fcaa0ab87780934539cd2e38dfc5d216ed84d,https://www.linkedin.com/learning/certificates/592f78acd6321559160326b1532fcaa0ab87780934539cd2e38dfc5d216ed84d,AI Business Leadership,"Introductie tot AI-geletterdheid voor business leaders, gericht op begrip, toepassing en besluitvorming rond AI.","LinkedIn; AI; AI Literacy; Business Leadership; Strategy"
AI Literacy for Business Leaders (NASBA),LinkedIn,Course,AI; Business Leadership,Beginner,2025-09-01,,4be878992cc8007e1f4db6e668d835e473fc22c35a7852c4d241c7f2b3c9599e,https://www.linkedin.com/learning/certificates/4be878992cc8007e1f4db6e668d835e473fc22c35a7852c4d241c7f2b3c9599e?trk=share_certificate,AI Business Leadership,"NASBA-variant over AI-geletterdheid voor business leaders, gericht op begrip, toepassing en besluitvorming rond AI.","LinkedIn; AI; AI Literacy; Business Leadership; Strategy; NASBA"
Leading Responsible AI in Organizations,LinkedIn,Course,AI; Responsible AI,Beginner,2025-09-01,,ee422b231be6ad1ee3a7deb6789894dfcdc33ecedb813f412168309b02e693cd,https://www.linkedin.com/learning/certificates/ee422b231be6ad1ee3a7deb6789894dfcdc33ecedb813f412168309b02e693cd,Responsible AI Leadership,"Introductie tot verantwoord AI-leiderschap in organisaties, met aandacht voor governance, risico's en ethische toepassing.","LinkedIn; AI; Responsible AI; Leadership; Governance"
Leading Responsible AI in Organizations (NASBA),LinkedIn,Course,AI; Responsible AI,Beginner,2025-09-01,,515bccb7ef91935a00229895e55447462c255fd744e9f99d2593ba972564e23b,https://www.linkedin.com/learning/certificates/515bccb7ef91935a00229895e55447462c255fd744e9f99d2593ba972564e23b?trk=share_certificate,Responsible AI Leadership,"NASBA-variant over verantwoord AI-leiderschap in organisaties, met aandacht voor governance, risico's en ethische toepassing.","LinkedIn; AI; Responsible AI; Leadership; Governance; NASBA"
Leading Responsible AI in Organizations (HRCI),LinkedIn,Course,AI; Responsible AI,Beginner,2025-09-01,,353e06c73f1531771d0174761d10918921167b435cb58241bac17227963e2677,https://www.linkedin.com/learning/certificates/353e06c73f1531771d0174761d10918921167b435cb58241bac17227963e2677?trk=share_certificate,Responsible AI Leadership,"HRCI-variant over verantwoord AI-leiderschap in organisaties, met aandacht voor governance, risico's en HR-/organisatiecontext.","LinkedIn; AI; Responsible AI; Leadership; Governance; HRCI"
Leading Responsible AI in Organizations (PMI),LinkedIn,Course,AI; Responsible AI,Beginner,2025-09-01,,fcdace3472986bc2f520c3e0543da8ffa399f1359ec61a04a062e5243895eaaf,https://www.linkedin.com/learning/certificates/fcdace3472986bc2f520c3e0543da8ffa399f1359ec61a04a062e5243895eaaf?trk=share_certificate,Responsible AI Leadership,"PMI-variant over verantwoord AI-leiderschap in organisaties, met aandacht voor governance, risico's en projectcontext.","LinkedIn; AI; Responsible AI; Leadership; Governance; PMI"
Leading Responsible AI in Organizations (SHRM),LinkedIn,Course,AI; Responsible AI,Beginner,2025-09-01,,16e93e8402579bb876aa6c82b228ef5aff4e54242b39a9dc4f8e67e7ca74b926,https://www.linkedin.com/learning/certificates/16e93e8402579bb876aa6c82b228ef5aff4e54242b39a9dc4f8e67e7ca74b926?trk=share_certificate,Responsible AI Leadership,"SHRM-variant over verantwoord AI-leiderschap in organisaties, met aandacht voor governance, risico's en HR-/organisatieontwikkeling.","LinkedIn; AI; Responsible AI; Leadership; Governance; SHRM"
Developing Your Emotional Intelligence,LinkedIn,Course,Emotional Intelligence; Human Skills,Beginner,2025-09-01,,939b0e3c5fb1aa78c8d832fc44bb29ec3f3456a143310543b971e3d985e1103c,https://www.linkedin.com/learning/certificates/939b0e3c5fb1aa78c8d832fc44bb29ec3f3456a143310543b971e3d985e1103c,Human Skills,"Introductie tot emotionele intelligentie, zelfbewustzijn en professionele samenwerking in werkcontext.","LinkedIn; Emotional Intelligence; Human Skills; Professional Development"
Developing Your Emotional Intelligence (PMI),LinkedIn,Course,Emotional Intelligence; Human Skills,Beginner,2025-09-01,,f6c4619a077197628905e8eba8856e2c880b67ea8e06eac2ce88e3cf6741b64b,https://www.linkedin.com/learning/certificates/f6c4619a077197628905e8eba8856e2c880b67ea8e06eac2ce88e3cf6741b64b?trk=share_certificate,Human Skills,"PMI-variant over emotionele intelligentie, zelfbewustzijn en professionele samenwerking in werkcontext.","LinkedIn; Emotional Intelligence; Human Skills; Professional Development; PMI"
What Is Generative AI? (NASBA),LinkedIn,Course,AI; Foundations,Beginner,2025-11-01,,a7103b0bf6cd2131f2b1063c5be2cf8291e96a8caabf4dd54b2e86f199007044,https://www.linkedin.com/learning/certificates/a7103b0bf6cd2131f2b1063c5be2cf8291e96a8caabf4dd54b2e86f199007044?trk=share_certificate,AI Foundations,"NASBA-variant van de introductie tot generatieve AI, basisbegrippen en praktische toepassingsrichtingen.","LinkedIn; Generative AI; AI; Foundations; NASBA"
Customer Service Foundations,LinkedIn,Course,Customer Service; Foundations,Beginner,2025-11-01,,6e36f55f04b28c1360a914a84a8c2705426da394b3227ee74111a711caa78983,https://www.linkedin.com/learning/certificates/6e36f55f04b28c1360a914a84a8c2705426da394b3227ee74111a711caa78983,Customer Service Foundations,"Introductie tot basisprincipes van klantgericht werken, servicecommunicatie en professionele ondersteuning.","LinkedIn; Customer Service; Foundations; Communication"
Customer Service Foundations (NASBA),LinkedIn,Course,Customer Service; Foundations,Beginner,2025-11-01,,470c24c77bc12f6c7578bace8ce65db5ad1687f8c33bfcacae40adf002c767d3,https://www.linkedin.com/learning/certificates/470c24c77bc12f6c7578bace8ce65db5ad1687f8c33bfcacae40adf002c767d3?trk=share_certificate,Customer Service Foundations,"NASBA-variant van klantgericht werken, servicecommunicatie en professionele ondersteuning.","LinkedIn; Customer Service; Foundations; Communication; NASBA"
Customer Service Foundations (PMI),LinkedIn,Course,Customer Service; Foundations,Beginner,2025-11-01,,0511ac253fd5e2b57261afdc58ca5064ec5fe9e9355b02b85df6c507a91b13d9,https://www.linkedin.com/learning/certificates/0511ac253fd5e2b57261afdc58ca5064ec5fe9e9355b02b85df6c507a91b13d9?trk=share_certificate,Customer Service Foundations,"PMI-variant van klantgericht werken, servicecommunicatie en professionele ondersteuning in project- en supportcontext.","LinkedIn; Customer Service; Foundations; Communication; PMI"
Cybersecurity Foundations (PMI),LinkedIn,Course,Cybersecurity; Foundations,Beginner,2025-11-01,,0236c955e0b2070b752b31d1ba6d0225f4abd2bdc6e69ce3e2dc85db4b8aee98,https://www.linkedin.com/learning/certificates/0236c955e0b2070b752b31d1ba6d0225f4abd2bdc6e69ce3e2dc85db4b8aee98?trk=share_certificate,Cybersecurity Foundations,"PMI-variant van cybersecurity-basiskennis, gericht op kernbegrippen, risico's en beveiligingsprincipes.","LinkedIn; Cybersecurity; Foundations; Security; PMI"
Cybersecurity Foundations (NASBA),LinkedIn,Course,Cybersecurity; Foundations,Beginner,2025-11-01,,c9617feed8ce2dd1456317e359466d56abd978a2f054963883d9683da1fa2881,https://www.linkedin.com/learning/certificates/c9617feed8ce2dd1456317e359466d56abd978a2f054963883d9683da1fa2881?trk=share_certificate,Cybersecurity Foundations,"NASBA-variant van cybersecurity-basiskennis, gericht op kernbegrippen, risico's en beveiligingsprincipes.","LinkedIn; Cybersecurity; Foundations; Security; NASBA"
Microsoft Azure Fundamentals (AZ900) Cert Prep: 1 Cloud Concepts,LinkedIn,Certification Prep,Azure; Cloud Fundamentals,Beginner,2025-11-01,,511c2392a2ca72f252ac107ecb284721049a192b70812b8bc0785315eb8b00c9,https://www.linkedin.com/learning/certificates/511c2392a2ca72f252ac107ecb284721049a192b70812b8bc0785315eb8b00c9?trk=share_certificate,Azure Fundamentals,"Voorbereiding op AZ-900 met focus op cloudconcepten, cloudmodellen en basisprincipes van Azure.","LinkedIn; Microsoft Azure; AZ-900; Cloud Concepts; Certification Prep"
Microsoft Azure Fundamentals (AZ900) Cert Prep: 2 Azure Architecture and Security,LinkedIn,Certification Prep,Azure; Security,Beginner,2025-11-01,,bf067a874c594319c0a01680492950a0a3c1eefad8a1b2aa895294b81609d964,https://www.linkedin.com/learning/certificates/bf067a874c594319c0a01680492950a0a3c1eefad8a1b2aa895294b81609d964?trk=share_certificate,Azure Fundamentals,"Voorbereiding op AZ-900 met focus op Azure-architectuur, beveiliging en kerncomponenten.","LinkedIn; Microsoft Azure; AZ-900; Architecture; Security; Certification Prep"
Microsoft Azure Fundamentals (AZ900) Cert Prep: 3 Azure Services,LinkedIn,Certification Prep,Azure; Cloud Services,Beginner,2025-11-01,,238b924dd2d1a83cae8c5ddbd39b6d5239c4ff4d5d10cd95de17a5ea2cebff42,https://www.linkedin.com/learning/certificates/238b924dd2d1a83cae8c5ddbd39b6d5239c4ff4d5d10cd95de17a5ea2cebff42?trk=share_certificate,Azure Fundamentals,"Voorbereiding op AZ-900 met focus op belangrijke Azure-services, workloads en cloudmogelijkheden.","LinkedIn; Microsoft Azure; AZ-900; Azure Services; Certification Prep"
Microsoft Azure Fundamentals (AZ900) Cert Prep: 4 Azure Management and Governance,LinkedIn,Certification Prep,Azure; Governance,Beginner,2025-11-01,,3b7b851eac3833de4307542ce63fd773304343b39052dc8512f4f84988892ce2,https://www.linkedin.com/learning/certificates/3b7b851eac3833de4307542ce63fd773304343b39052dc8512f4f84988892ce2?trk=share_certificate,Azure Fundamentals,"Voorbereiding op AZ-900 met focus op Azure-beheer, governance, kostenbeheer en complianceprincipes.","LinkedIn; Microsoft Azure; AZ-900; Governance; Management; Certification Prep"
"Microsoft Security Essentials: Concepts, Solutions, and AI-Powered Protection",LinkedIn,Course,Security; Microsoft Security,Beginner,2025-11-01,,771dabd37cf1449fa2cddd8406efa9e3fa360ae66e881ce88fc4ab4842d231a1,https://www.linkedin.com/learning/certificates/771dabd37cf1449fa2cddd8406efa9e3fa360ae66e881ce88fc4ab4842d231a1?trk=share_certificate,Microsoft Security Essentials,"Introductie tot Microsoft security-concepten, oplossingen en AI-ondersteunde bescherming in moderne IT-omgevingen.","LinkedIn; Microsoft Security; Security; AI-Powered Protection"
"Microsoft Security, Compliance, and Identity Fundamentals (SC-900) Cert Prep by Microsoft Press",LinkedIn,Certification Prep,Security; Compliance; Identity,Beginner,2025-12-01,,e8f58cfd89c594c38192b5d2c94cb8979bf594309f780b997d333329734cdd65,https://www.linkedin.com/learning/certificates/e8f58cfd89c594c38192b5d2c94cb8979bf594309f780b997d333329734cdd65,SC-900 Fundamentals,"Voorbereiding op SC-900 met focus op Microsoft security, compliance, identity en basisprincipes van beveiligingsbeheer.","LinkedIn; Microsoft Security; SC-900; Compliance; Identity; Certification Prep"
The Cybersecurity Threat Landscape,LinkedIn,Course,Cybersecurity; Threat Landscape,Beginner,2025-12-01,,59a378ee250351e57b5224dd7814c6f11e78cc64cb69879c5890e5c46d03d5fc,https://www.linkedin.com/learning/certificates/59a378ee250351e57b5224dd7814c6f11e78cc64cb69879c5890e5c46d03d5fc?trk=share_certificate,Cybersecurity Awareness,"Introductie tot actuele cyberdreigingen, aanvalsvectoren en het bredere dreigingslandschap.","LinkedIn; Cybersecurity; Threat Landscape; Security Awareness"
Cybersecurity Awareness: Cybersecurity Terminology,LinkedIn,Course,Cybersecurity; Awareness,Beginner,2025-12-01,,62297944f1b75da813679d2cfe4b8fb5b35394dbf0bcdff1ff13a18f867530f1,https://www.linkedin.com/learning/certificates/62297944f1b75da813679d2cfe4b8fb5b35394dbf0bcdff1ff13a18f867530f1?trk=share_certificate,Cybersecurity Awareness,"Introductie tot cybersecurityterminologie, basisbegrippen en taalgebruik binnen securitycontexten.","LinkedIn; Cybersecurity; Awareness; Terminology"
Cybersecurity Awareness: Cybersecurity Terminology (NASBA),LinkedIn,Course,Cybersecurity; Awareness,Beginner,2025-12-01,,a9fc4782262a253c8320f7cdc0fe4cf095a3c5fe5374bc019fecd9c2591eadb6,https://www.linkedin.com/learning/certificates/a9fc4782262a253c8320f7cdc0fe4cf095a3c5fe5374bc019fecd9c2591eadb6?trk=share_certificate,Cybersecurity Awareness,"NASBA-variant over cybersecurityterminologie, basisbegrippen en taalgebruik binnen securitycontexten.","LinkedIn; Cybersecurity; Awareness; Terminology; NASBA"
Cybersecurity Awareness: Cybersecurity Terminology (PMI),LinkedIn,Course,Cybersecurity; Awareness,Beginner,2025-12-01,,f28e93663ea184fcb80e1bda1082fa909121e5d3b71de4c8752ae8d31f386a63,https://www.linkedin.com/learning/certificates/f28e93663ea184fcb80e1bda1082fa909121e5d3b71de4c8752ae8d31f386a63?trk=share_certificate,Cybersecurity Awareness,"PMI-variant over cybersecurityterminologie, basisbegrippen en taalgebruik binnen security- en projectcontexten.","LinkedIn; Cybersecurity; Awareness; Terminology; PMI"
Microsoft Security Copilot,LinkedIn,Course,Security; Copilot,Beginner,2025-12-01,,f4037ccf2905fb7a7841e67bb18a830d4daae3f699c2b26c6e36270eb15a96d6,https://www.linkedin.com/learning/certificates/f4037ccf2905fb7a7841e67bb18a830d4daae3f699c2b26c6e36270eb15a96d6?trk=share_certificate,Microsoft Security Copilot,"Introductie tot Microsoft Security Copilot en AI-ondersteunde securityanalyse, onderzoek en respons.","LinkedIn; Microsoft Security Copilot; Security; AI; Copilot"
Negotiation Foundations,LinkedIn,Course,Negotiation; Foundations,Beginner,2025-11-01,,0c9c45c7e3b41e563fb1bac3d41af6458e713fc58423b49ead6c94907dc948b7,https://www.linkedin.com/learning/certificates/0c9c45c7e3b41e563fb1bac3d41af6458e713fc58423b49ead6c94907dc948b7?trk=share_certificate,Negotiation Foundations,"Introductie tot basisprincipes van onderhandelen, voorbereiding, communicatie en professionele afstemming.","LinkedIn; Negotiation; Foundations; Communication"
Negotiation Foundations (NASBA),LinkedIn,Course,Negotiation; Foundations,Beginner,2025-11-01,,81185e30a59024c9c9f4ec20a5d6e7534d2950e967ac6e9959825a86fb24a211,https://www.linkedin.com/learning/certificates/81185e30a59024c9c9f4ec20a5d6e7534d2950e967ac6e9959825a86fb24a211?trk=share_certificate,Negotiation Foundations,"NASBA-variant van onderhandelingsbasisprincipes, voorbereiding, communicatie en professionele afstemming.","LinkedIn; Negotiation; Foundations; Communication; NASBA"
Negotiation Foundations (PMI),LinkedIn,Course,Negotiation; Foundations,Beginner,2025-11-01,,8da1e8591d927dcbb54a9f6e8f0d1f653aef07baeb2d273d7b10415fa39c9fbf,https://www.linkedin.com/learning/certificates/8da1e8591d927dcbb54a9f6e8f0d1f653aef07baeb2d273d7b10415fa39c9fbf?trk=share_certificate,Negotiation Foundations,"PMI-variant van onderhandelingsbasisprincipes, voorbereiding, communicatie en professionele afstemming.","LinkedIn; Negotiation; Foundations; Communication; PMI"
Strategic Negotiation,LinkedIn,Course,Negotiation; Strategy,Intermediate,2025-11-01,,cc02d2bbf1ed35110c2b0ec9fb51e5bf0611184c2893c1dd3aee7ac402f80eaf,https://www.linkedin.com/learning/certificates/cc02d2bbf1ed35110c2b0ec9fb51e5bf0611184c2893c1dd3aee7ac402f80eaf?trk=share_certificate,Strategic Negotiation,"Verdieping in strategisch onderhandelen, belangenafweging, voorbereiding en professionele besluitvorming.","LinkedIn; Negotiation; Strategy; Communication"
Strategic Negotiation (NASBA),LinkedIn,Course,Negotiation; Strategy,Intermediate,2025-11-01,,2810762f992f04c2630a1c12b17df56e13c416a20a775c2e2e5727cb38911fc0,https://www.linkedin.com/learning/certificates/cc02d2bbf1ed35110c2b0ec9fb51e5bf0611184c2893c1dd3aee7ac402f80eaf?trk=share_certificate,Strategic Negotiation,"NASBA-variant van strategisch onderhandelen, belangenafweging, voorbereiding en professionele besluitvorming.","LinkedIn; Negotiation; Strategy; Communication; NASBA"
When Negotiation's about More than Money: How to Negotiate (Almost) Anything,LinkedIn,Course,Negotiation; Communication,Intermediate,2025-11-01,,b5977d82b286ec8dea907bb91cd9686dfd0b9d94d5465a3895a84b97bc432a44,https://www.linkedin.com/learning/certificates/b5977d82b286ec8dea907bb91cd9686dfd0b9d94d5465a3895a84b97bc432a44?trk=share_certificate,Negotiation Skills,"Verdieping in onderhandelen wanneer meer speelt dan alleen prijs, met focus op belangen, communicatie en praktische afstemming.","LinkedIn; Negotiation; Communication; Conflict Resolution"
How to Prepare for Your Negotiations,LinkedIn,Course,Negotiation; Preparation,Intermediate,2025-11-01,,7916e5e75c275c40a0d076a2ff63bcb7627503c0728b464f1e5fb7b07cfb7f80,https://www.linkedin.com/learning/certificates/7916e5e75c275c40a0d076a2ff63bcb7627503c0728b464f1e5fb7b07cfb7f80?trk=share_certificate,Negotiation Preparation,"Praktische training over het voorbereiden van onderhandelingen, doelen bepalen en informatie verzamelen voor betere uitkomsten.","LinkedIn; Negotiation; Preparation; Communication"
Negotiating with Agility,LinkedIn,Course,Negotiation; Agility,Intermediate,2025-11-01,,6dc4ee52ef67c03284b90f875010ac29086138f83545d60efb0761ea44fc41d8,https://www.linkedin.com/learning/certificates/6dc4ee52ef67c03284b90f875010ac29086138f83545d60efb0761ea44fc41d8?trk=share_certificate,Agile Negotiation,"Training over flexibel en wendbaar onderhandelen in veranderende situaties en professionele gesprekken.","LinkedIn; Negotiation; Agility; Communication"
How to Be Both Assertive and Likable,LinkedIn,Course,Communication; Assertiveness,Intermediate,2025-11-01,,b8ca4c27f5934327bacebfe6d28a0ac5f199d002cf6109755d8ca48eaa1c65b9,https://www.linkedin.com/learning/certificates/b8ca4c27f5934327bacebfe6d28a0ac5f199d002cf6109755d8ca48eaa1c65b9?trk=share_certificate,Assertive Communication,"Training over assertieve en professionele communicatie met behoud van samenwerking en vertrouwen.","LinkedIn; Communication; Assertiveness; Negotiation"
Communicating with Confidence,LinkedIn,Course,Communication; Confidence,Beginner,2025-11-01,,784db80ac6fa2341a7bfc2eedef2e60e1a6cc2f8e73d85c5b5adfb2f48669bec,https://www.linkedin.com/learning/certificates/784db80ac6fa2341a7bfc2eedef2e60e1a6cc2f8e73d85c5b5adfb2f48669bec?trk=share_certificate,Communication Skills,"Training gericht op zelfverzekerd communiceren, duidelijke boodschapoverdracht en professionele interactie.","LinkedIn; Communication; Confidence; Professional Skills"
Communicating with Confidence (PMI),LinkedIn,Course,Communication; Confidence,Beginner,2025-11-01,,b27e43bfec6318c563ebc3e892d0616e2edbffdd2e5a1b9a0dd17f473791d039,https://www.linkedin.com/learning/certificates/b27e43bfec6318c563ebc3e892d0616e2edbffdd2e5a1b9a0dd17f473791d039?trk=share_certificate,Communication Skills,"PMI-variant van zelfverzekerd communiceren, duidelijke boodschapoverdracht en professionele interactie.","LinkedIn; Communication; Confidence; Professional Skills; PMI"
Conflict Resolution Foundations,LinkedIn,Course,Conflict Resolution; Communication,Beginner,2025-11-01,,8639b292dc0938457f68f28d6b9d67ed3cce234792f06dbfb5d57611fa36a21a,https://www.linkedin.com/learning/certificates/8639b292dc0938457f68f28d6b9d67ed3cce234792f06dbfb5d57611fa36a21a?trk=share_certificate,Conflict Resolution,"Introductie tot conflictoplossing, communicatie, belangenafweging en professionele samenwerking.","LinkedIn; Conflict Resolution; Communication; Collaboration"
Conflict Resolution Foundations (NASBA),LinkedIn,Course,Conflict Resolution; Communication,Beginner,2025-11-01,,2fd203a2b098ef41b59c22294cd69884aa6fe01e1db5b90bf5fe7a41b7f12908,https://www.linkedin.com/learning/certificates/2fd203a2b098ef41b59c22294cd69884aa6fe01e1db5b90bf5fe7a41b7f12908?trk=share_certificate,Conflict Resolution,"NASBA-variant van conflictoplossing, communicatie, belangenafweging en professionele samenwerking.","LinkedIn; Conflict Resolution; Communication; Collaboration; NASBA"
Developing a Feedback Mindset to Accelerate Your Career,LinkedIn,Course,Feedback; Career Development,Beginner,2025-11-01,,a79d7e5bc83eacf148a0af8a881754ff0e5cb369b4e4cd40748d222966626cb3,https://www.linkedin.com/learning/certificates/a79d7e5bc83eacf148a0af8a881754ff0e5cb369b4e4cd40748d222966626cb3?trk=share_certificate,Career Development,"Training over feedbackgericht werken, persoonlijke groei en het versnellen van professionele ontwikkeling.","LinkedIn; Feedback; Career Development; Professional Growth"
Digital Body Language,LinkedIn,Course,Communication; Digital Communication,Beginner,2025-11-01,,d0dbd525682836f1b34a618d0f225f6d604dceaf1585ec535a26f5722e8a6e10,https://www.linkedin.com/learning/certificates/d0dbd525682836f1b34a618d0f225f6d604dceaf1585ec535a26f5722e8a6e10?trk=share_certificate,Digital Communication,"Training over digitale lichaamstaal, online communicatie en professionele interactie via digitale kanalen.","LinkedIn; Communication; Digital Communication; Professional Skills"
Influencing Others,LinkedIn,Course,Communication; Influence,Beginner,2025-11-01,,be95ed1483601639952f2ca03e400a875e15416ff5b4d004cad6bf49a0d960d9,https://www.linkedin.com/learning/certificates/be95ed1483601639952f2ca03e400a875e15416ff5b4d004cad6bf49a0d960d9?trk=share_certificate,Influence Skills,"Training over beïnvloeden, draagvlak creëren en effectief communiceren in professionele context.","LinkedIn; Communication; Influence; Professional Skills"
Influencing Others (PMI),LinkedIn,Course,Communication; Influence,Beginner,2025-11-01,,75bd695c6c89bf61533e1b14e48a1f38fe3d622f0043e6884dc99e73e739f114,https://www.linkedin.com/learning/certificates/75bd695c6c89bf61533e1b14e48a1f38fe3d622f0043e6884dc99e73e739f114?trk=share_certificate,Influence Skills,"PMI-variant over beïnvloeden, draagvlak creëren en effectief communiceren in professionele context.","LinkedIn; Communication; Influence; Professional Skills; PMI"
Influencing Others (NASBA),LinkedIn,Course,Communication; Influence,Beginner,2025-11-01,,f4fcfa890d465da8fe4063071f5129ac64a2e7fa2c1a07281845b9b77f2bffae,https://www.linkedin.com/learning/certificates/f4fcfa890d465da8fe4063071f5129ac64a2e7fa2c1a07281845b9b77f2bffae?trk=share_certificate,Influence Skills,"NASBA-variant over beïnvloeden, draagvlak creëren en effectief communiceren in professionele context.","LinkedIn; Communication; Influence; Professional Skills; NASBA"
Communicating about Culturally Sensitive Issues,LinkedIn,Course,Communication; Sensitive Communication,Beginner,2025-11-01,,e4f864a5a8cc598df109b9be1b77a7a31cd34b8d9ea76b74c9d9650fc30a16db,https://www.linkedin.com/learning/certificates/e4f864a5a8cc598df109b9be1b77a7a31cd34b8d9ea76b74c9d9650fc30a16db?trk=share_certificate,Sensitive Communication,"Training over zorgvuldig communiceren over gevoelige onderwerpen in professionele en diverse werkcontexten.","LinkedIn; Communication; Sensitive Communication; Professional Skills"
Communicating about Culturally Sensitive Issues (PMI),LinkedIn,Course,Communication; Sensitive Communication,Beginner,2025-11-01,,eb250d26ca6567f9fcc6f88cbd7ddbacc19077205d7ff39306f3221cb4241009,https://www.linkedin.com/learning/certificates/eb250d26ca6567f9fcc6f88cbd7ddbacc19077205d7ff39306f3221cb4241009?trk=share_certificate,Sensitive Communication,"PMI-variant over zorgvuldig communiceren over gevoelige onderwerpen in professionele en diverse werkcontexten.","LinkedIn; Communication; Sensitive Communication; Professional Skills; PMI"
Communicating about Culturally Sensitive Issues (NASBA),LinkedIn,Course,Communication; Sensitive Communication,Beginner,2025-11-01,,24ca01e67e4195aabfad8f7026e0d679c15528190dfb743d98869ea4023fe0d0,https://www.linkedin.com/learning/certificates/24ca01e67e4195aabfad8f7026e0d679c15528190dfb743d98869ea4023fe0d0?trk=share_certificate,Sensitive Communication,"NASBA-variant over zorgvuldig communiceren over gevoelige onderwerpen in professionele en diverse werkcontexten.","LinkedIn; Communication; Sensitive Communication; Professional Skills; NASBA"
Communicating with Emotional Intelligence,LinkedIn,Course,Communication; Emotional Intelligence,Beginner,2025-11-01,,ce206d544ebc1f41b7e61a32bdd8d7d2eae7d08ad6406d8e7711dd14e6c9b293,https://www.linkedin.com/learning/certificates/ce206d544ebc1f41b7e61a32bdd8d7d2eae7d08ad6406d8e7711dd14e6c9b293?trk=share_certificate,Emotionally Intelligent Communication,"Training over communiceren met emotionele intelligentie, professioneel bewustzijn en betere samenwerking.","LinkedIn; Communication; Emotional Intelligence; Human Skills"
Writing Email,LinkedIn,Course,Communication; Email Writing,Beginner,2025-11-01,,ef4a0ba58772361f273e6ad0a6853e0918d4d9dd58e39d59daf9ad2310a4b38d,https://www.linkedin.com/learning/certificates/ef4a0ba58772361f273e6ad0a6853e0918d4d9dd58e39d59daf9ad2310a4b38d?trk=share_certificate,Email Communication,"Training over professioneel e-mail schrijven, duidelijk formuleren en effectieve digitale communicatie.","LinkedIn; Communication; Email Writing; Professional Skills"
Writing Email (NASBA),LinkedIn,Course,Communication; Email Writing,Beginner,2025-11-01,,a5d1ecd86310079ce6fb95511621ec1b757acde57908964563b45ec5bc360d27,https://www.linkedin.com/learning/certificates/a5d1ecd86310079ce6fb95511621ec1b757acde57908964563b45ec5bc360d27?trk=share_certificate,Email Communication,"NASBA-variant over professioneel e-mail schrijven, duidelijk formuleren en effectieve digitale communicatie.","LinkedIn; Communication; Email Writing; Professional Skills; NASBA"
Essential Business Communication Skills Professional Certificate by LinkedIn Learning,LinkedIn,Professional Certificate,Communication; Business Communication,Intermediate,2025-11-01,,1fbf53e499c73102662c5c43624865df1ba6d817a4caba07f0e4bd3c1c72af2c,https://www.linkedin.com/learning/certificates/1fbf53e499c73102662c5c43624865df1ba6d817a4caba07f0e4bd3c1c72af2c?trk=share_certificate,Business Communication Skills,"Professioneel certificaat gericht op zakelijke communicatie, duidelijke boodschapoverdracht en effectieve professionele interactie.","LinkedIn; Business Communication; Communication; Professional Certificate"
Leading in Crisis,LinkedIn,Course,Leadership; Crisis Management,Intermediate,2025-11-01,,bb05dc875e0833cd3c65d80e6fcafaa80c85cb61b3d389faae979d01f43862d7,https://www.linkedin.com/learning/certificates/bb05dc875e0833cd3c65d80e6fcafaa80c85cb61b3d389faae979d01f43862d7?trk=share_certificate,Crisis Leadership,"Training over leiderschap tijdens crisissituaties, besluitvorming onder druk en professionele communicatie.","LinkedIn; Leadership; Crisis Management; Communication"
Leading in Crisis (PMI),LinkedIn,Course,Leadership; Crisis Management,Intermediate,2025-11-01,,14db4f9d328c0464447d1f4b7bd156792d8d2ad5e93c15c279e0c6439b45bd76,https://www.linkedin.com/learning/certificates/14db4f9d328c0464447d1f4b7bd156792d8d2ad5e93c15c279e0c6439b45bd76?trk=share_certificate,Crisis Leadership,"PMI-variant over leiderschap tijdens crisissituaties, besluitvorming onder druk en professionele communicatie.","LinkedIn; Leadership; Crisis Management; Communication; PMI"
Crisis Communication Planning After a Ransomware or Other Cybersecurity Attack,LinkedIn,Course,Crisis Communication; Cybersecurity,Intermediate,2025-11-01,,4d8fe05e5849fc8ca7e822ab529ee32e81c6131ad27287b9940545bf72f1bc2c,https://www.linkedin.com/learning/certificates/4d8fe05e5849fc8ca7e822ab529ee32e81c6131ad27287b9940545bf72f1bc2c?trk=share_certificate,Cyber Crisis Communication,"Training over communicatieplanning na ransomware of andere cybersecurity-incidenten, met focus op stakeholders en respons.","LinkedIn; Crisis Communication; Cybersecurity; Ransomware; Incident Response"
Crisis Communication Planning After a Ransomware or Other Cybersecurity Attack (IIBA),LinkedIn,Course,Crisis Communication; Cybersecurity,Intermediate,2025-11-01,,2a6718523c06cf2a7789ecdd5617ebee1274bee318e091d3786fa19292c463fb,https://www.linkedin.com/learning/certificates/2a6718523c06cf2a7789ecdd5617ebee1274bee318e091d3786fa19292c463fb?trk=share_certificate,Cyber Crisis Communication,"IIBA-variant over communicatieplanning na ransomware of andere cybersecurity-incidenten, met focus op stakeholders en respons.","LinkedIn; Crisis Communication; Cybersecurity; Ransomware; Incident Response; IIBA"
Reputation Risk Management,LinkedIn,Course,Risk Management; Reputation,Intermediate,2025-11-01,,ec55d27fd2a66eb458a081a29f6c64f2263fe7cb0672bb258dadd76cb0791456,https://www.linkedin.com/learning/certificates/ec55d27fd2a66eb458a081a29f6c64f2263fe7cb0672bb258dadd76cb0791456?trk=share_certificate,Reputation Risk Management,"Training over reputatierisico, risicobeheersing, communicatie en professionele besluitvorming in kwetsbare situaties.","LinkedIn; Risk Management; Reputation; Communication"
Reputation Risk Management (NASBA),LinkedIn,Course,Risk Management; Reputation,Intermediate,2025-11-01,,6da061842443750b640bd6f381d8ae9871a4d6c723e4b48b26184d5f65a0b259,https://www.linkedin.com/learning/certificates/6da061842443750b640bd6f381d8ae9871a4d6c723e4b48b26184d5f65a0b259?trk=share_certificate,Reputation Risk Management,"NASBA-variant over reputatierisico, risicobeheersing, communicatie en professionele besluitvorming in kwetsbare situaties.","LinkedIn; Risk Management; Reputation; Communication; NASBA"
Communicating Internally during Times of Uncertainty,LinkedIn,Course,Communication; Internal Communication,Intermediate,2025-12-01,,b27c95322c52d0d41e5ce2066665f8ac3f1b1cba6e005a292cff8d7cd5c10778,https://www.linkedin.com/learning/certificates/b27c95322c52d0d41e5ce2066665f8ac3f1b1cba6e005a292cff8d7cd5c10778?trk=share_certificate,Internal Communication,"Training over interne communicatie tijdens onzekerheid, verandering en drukke of onduidelijke werksituaties.","LinkedIn; Communication; Internal Communication; Uncertainty; Change"
Communicating Internally during Times of Uncertainty (PMI),LinkedIn,Course,Communication; Internal Communication,Intermediate,2025-12-01,,cb965655da1164ec5526218b28df2d22d9a519ec2471d6db51fd1bebfc63cc97,https://www.linkedin.com/learning/certificates/cb965655da1164ec5526218b28df2d22d9a519ec2471d6db51fd1bebfc63cc97?trk=share_certificate,Internal Communication,"PMI-variant over interne communicatie tijdens onzekerheid, verandering en drukke of onduidelijke werksituaties.","LinkedIn; Communication; Internal Communication; Uncertainty; Change; PMI"
Communicating with Diplomacy and Tact,LinkedIn,Course,Communication; Diplomacy,Intermediate,2025-12-01,,0a2dcb9cede77db0bf89f1fcd386357c34e44cf24584b3d919d7ab781c82ac1a,https://www.linkedin.com/learning/certificates/0a2dcb9cede77db0bf89f1fcd386357c34e44cf24584b3d919d7ab781c82ac1a?trk=share_certificate,Diplomatic Communication,"Training over diplomatiek en tactvol communiceren in professionele gesprekken, afstemming en gevoelige situaties.","LinkedIn; Communication; Diplomacy; Tact; Professional Skills"
Communicating with Diplomacy and Tact (NASBA),LinkedIn,Course,Communication; Diplomacy,Intermediate,2025-12-01,,af37628ab29bd9ca46899368a086178239c7b1688d83d67f9d866438d5611ec0,https://www.linkedin.com/learning/certificates/af37628ab29bd9ca46899368a086178239c7b1688d83d67f9d866438d5611ec0?trk=share_certificate,Diplomatic Communication,"NASBA-variant over diplomatiek en tactvol communiceren in professionele gesprekken, afstemming en gevoelige situaties.","LinkedIn; Communication; Diplomacy; Tact; Professional Skills; NASBA"
Improve Your Change Communication Skills,LinkedIn,Course,Communication; Change Communication,Intermediate,2025-12-01,,94606864f077cfbe4ff71a698d9b873adad85058c874ca7110f12fb7952b1040,https://www.linkedin.com/learning/certificates/94606864f077cfbe4ff71a698d9b873adad85058c874ca7110f12fb7952b1040?trk=share_certificate,Change Communication,"Training over communicatievaardigheden bij verandering, adoptie, weerstand en professionele afstemming.","LinkedIn; Communication; Change Communication; Change; Adoption"
Communicating Nonverbally,LinkedIn,Course,Communication; Nonverbal Communication,Beginner,2025-12-01,,24c3fb87a6b642b574352b5bedb3d8d1a760f349e731a493a21b99007d4abf22,https://www.linkedin.com/learning/certificates/24c3fb87a6b642b574352b5bedb3d8d1a760f349e731a493a21b99007d4abf22?trk=share_certificate,Nonverbal Communication,"Training over non-verbale communicatie, professionele interactie en bewuster communiceren in gesprekken.","LinkedIn; Communication; Nonverbal Communication; Professional Skills"
Change Management Foundations,LinkedIn,Course,Change Management; Foundations,Beginner,2025-12-01,,29e750a99fbb128e20a5e8cdb3884b4cb6c1e9c526fe55be751283dae5fa11cd,https://www.linkedin.com/learning/certificates/29e750a99fbb128e20a5e8cdb3884b4cb6c1e9c526fe55be751283dae5fa11cd?trk=share_certificate,Change Management Foundations,"Introductie tot veranderbeheer, basisprincipes van change management en professionele begeleiding van verandering.","LinkedIn; Change Management; Foundations; Change"
Change Management Foundations (NASBA),LinkedIn,Course,Change Management; Foundations,Beginner,2025-12-01,,57c562f34ce3ff28eb37c69530d60354682abb40a0d898e49f9a7dcde3acfdee,https://www.linkedin.com/learning/certificates/57c562f34ce3ff28eb37c69530d60354682abb40a0d898e49f9a7dcde3acfdee?trk=share_certificate,Change Management Foundations,"NASBA-variant van veranderbeheer, basisprincipes van change management en professionele begeleiding van verandering.","LinkedIn; Change Management; Foundations; Change; NASBA"
Change Management Foundations (PMI),LinkedIn,Course,Change Management; Foundations,Beginner,2025-12-01,,faac77a2f11509493685aaaaaf0b7ce55cc9f40686a1aa987fedb9f6231c9ff3,https://www.linkedin.com/learning/certificates/faac77a2f11509493685aaaaaf0b7ce55cc9f40686a1aa987fedb9f6231c9ff3?trk=share_certificate,Change Management Foundations,"PMI-variant van veranderbeheer, basisprincipes van change management en professionele begeleiding van verandering.","LinkedIn; Change Management; Foundations; Change; PMI"
Change Management: Plan on a Page,LinkedIn,Course,Change Management; Planning,Intermediate,2025-12-01,,8891806cfa232bc1e0dcf852fee72b25bcf71e2c6c34ceee19cac82ab7103bdd,https://www.linkedin.com/learning/certificates/8891806cfa232bc1e0dcf852fee72b25bcf71e2c6c34ceee19cac82ab7103bdd?trk=share_certificate,Change Planning,"Training over het samenvatten en structureren van change management-plannen op één overzichtelijke pagina.","LinkedIn; Change Management; Planning; Change"
Change Management: Plan on a Page (NASBA),LinkedIn,Course,Change Management; Planning,Intermediate,2025-12-01,,d44faf8f0bb4c931b6bab7352b392ff58b086d0de138d4ddabf84de60272113d,https://www.linkedin.com/learning/certificates/d44faf8f0bb4c931b6bab7352b392ff58b086d0de138d4ddabf84de60272113d?trk=share_certificate,Change Planning,"NASBA-variant over het samenvatten en structureren van change management-plannen op één overzichtelijke pagina.","LinkedIn; Change Management; Planning; Change; NASBA"
Change Management: Roadmap to Planning,LinkedIn,Course,Change Management; Planning,Intermediate,2025-12-01,,9a3073a9c96acffb99097a8ae3d76bb0fa083ab9fb2aa93240a5865e204ab29f,https://www.linkedin.com/learning/certificates/9a3073a9c96acffb99097a8ae3d76bb0fa083ab9fb2aa93240a5865e204ab29f?trk=share_certificate,Change Roadmap,"Training over het opstellen van een roadmap voor change planning, voorbereiding en gestructureerde uitvoering.","LinkedIn; Change Management; Roadmap; Planning"
Change Management: Roadmap to Planning (NASBA),LinkedIn,Course,Change Management; Planning,Intermediate,2025-12-01,,70e24c188c4622c816aa4b50be30dcb442445b6c7f2bd3da0bf6990628be5184,https://www.linkedin.com/learning/certificates/70e24c188c4622c816aa4b50be30dcb442445b6c7f2bd3da0bf6990628be5184?trk=share_certificate,Change Roadmap,"NASBA-variant over het opstellen van een roadmap voor change planning, voorbereiding en gestructureerde uitvoering.","LinkedIn; Change Management; Roadmap; Planning; NASBA"
Change Management: Roadmap to Execution,LinkedIn,Course,Change Management; Execution,Intermediate,2025-12-01,,f61691e7e188a01a2389a88d9f59f2a2e96aa26eecc1155865a49b94759c2be8,https://www.linkedin.com/learning/certificates/f61691e7e188a01a2389a88d9f59f2a2e96aa26eecc1155865a49b94759c2be8?trk=share_certificate,Change Execution,"Training over het uitvoeren van change management-roadmaps, implementatieaanpak en gestructureerde uitvoering.","LinkedIn; Change Management; Execution; Roadmap"
Change Management: Roadmap to Execution (PMI),LinkedIn,Course,Change Management; Execution,Intermediate,2025-12-01,,20dc357dbfd544c95dbcb23f3580d41b90dc901427bbcfe4118851d86465695c,https://www.linkedin.com/learning/certificates/20dc357dbfd544c95dbcb23f3580d41b90dc901427bbcfe4118851d86465695c?trk=share_certificate,Change Execution,"PMI-variant over het uitvoeren van change management-roadmaps, implementatieaanpak en gestructureerde uitvoering.","LinkedIn; Change Management; Execution; Roadmap; PMI"
Managing Organizational Change for Managers (2018),LinkedIn,Course,Change Management; Organizational Change,Intermediate,2025-12-01,,0b50f5ab89042bab4e3a7cba95e0b8054b42113e5e70151ffb2168604d250036,https://www.linkedin.com/learning/certificates/0b50f5ab89042bab4e3a7cba95e0b8054b42113e5e70151ffb2168604d250036?trk=share_certificate,Organizational Change,"Training over het managen van organisatieverandering, stakeholderafstemming en begeleiding van teams tijdens verandering.","LinkedIn; Change Management; Organizational Change; Management"
Managing Organizational Change for Managers (2018) (PMI),LinkedIn,Course,Change Management; Organizational Change,Intermediate,2025-12-01,,29019c91aface9844a6158acd6530113374efd964094381db7d3976bd881eec8,https://www.linkedin.com/learning/certificates/29019c91aface9844a6158acd6530113374efd964094381db7d3976bd881eec8?trk=share_certificate,Organizational Change,"PMI-variant over het managen van organisatieverandering, stakeholderafstemming en begeleiding van teams tijdens verandering.","LinkedIn; Change Management; Organizational Change; Management; PMI"
Managing Organizational Change for Managers (2018) (NASBA),LinkedIn,Course,Change Management; Organizational Change,Intermediate,2025-12-01,,8a6419dfc9d7b67c9da19deeb94aff403bf5754bfa35026f95716bcfc81cc313,https://www.linkedin.com/learning/certificates/8a6419dfc9d7b67c9da19deeb94aff403bf5754bfa35026f95716bcfc81cc313?trk=share_certificate,Organizational Change,"NASBA-variant over het managen van organisatieverandering, stakeholderafstemming en begeleiding van teams tijdens verandering.","LinkedIn; Change Management; Organizational Change; Management; NASBA"
Managing Organizational Change for Managers,LinkedIn,Course,Change Management; Organizational Change,Intermediate,2025-12-01,,1e8ba34e5c4933e2ec21b6e06b40e54cba501a8fe75e1c41500e2d6f84f4e85f,https://www.linkedin.com/learning/certificates/1e8ba34e5c4933e2ec21b6e06b40e54cba501a8fe75e1c41500e2d6f84f4e85f?trk=share_certificate,Organizational Change,"Training over het begeleiden van organisatieverandering, managementcommunicatie en praktische adoptie van nieuwe werkwijzen.","LinkedIn; Change Management; Organizational Change; Management"
Communicating Change in an Enterprise-Wide Transformation,LinkedIn,Course,Communication; Change Communication,Intermediate,2025-12-01,,7091be9bae04a0a7bac129d85f3a77bf97ffee8b15b29a2b15d850b3968afb17,https://www.linkedin.com/learning/certificates/7091be9bae04a0a7bac129d85f3a77bf97ffee8b15b29a2b15d850b3968afb17?trk=share_certificate,Enterprise Change Communication,"Training over communicatie tijdens enterprise-brede transformaties, stakeholdermanagement en adoptiebegeleiding.","LinkedIn; Communication; Change Communication; Enterprise Transformation"
Communicating Change in an Enterprise-Wide Transformation (PMI),LinkedIn,Course,Communication; Change Communication,Intermediate,2025-12-01,,8c44058ccfa42c015749785ba89e8c25d923668fcaed40ec9d9f5da2b653702a,https://www.linkedin.com/learning/certificates/8c44058ccfa42c015749785ba89e8c25d923668fcaed40ec9d9f5da2b653702a?trk=share_certificate,Enterprise Change Communication,"PMI-variant over communicatie tijdens enterprise-brede transformaties, stakeholdermanagement en adoptiebegeleiding.","LinkedIn; Communication; Change Communication; Enterprise Transformation; PMI"
Implementing Change Effectively,LinkedIn,Course,Change Management; Implementation,Intermediate,2025-12-01,,2460f12815ef4ece1bb7ff6937be764da48ee1dda68446e317150b70a7dc7d19,https://www.linkedin.com/learning/certificates/2460f12815ef4ece1bb7ff6937be764da48ee1dda68446e317150b70a7dc7d19?trk=share_certificate,Change Implementation,"Training over het effectief implementeren van verandering, adoptie, uitvoering en praktische borging in organisaties.","LinkedIn; Change Management; Implementation; Adoption"
"Driving Measurable, Sustainable Change",LinkedIn,Course,Change Management; Sustainable Change,Intermediate,2025-12-01,,c1147d6b2fbf00d1af40b5fea58fa4453fa4820e06760fa0aafe6235dc7c573b,https://www.linkedin.com/learning/certificates/c1147d6b2fbf00d1af40b5fea58fa4453fa4820e06760fa0aafe6235dc7c573b?trk=share_certificate,Sustainable Change,"Training over meetbare en duurzame verandering, resultaatgericht werken en structurele borging van verbeteringen.","LinkedIn; Change Management; Sustainable Change; Measurement"
"Driving Measurable, Sustainable Change (PMI)",LinkedIn,Course,Change Management; Sustainable Change,Intermediate,2025-12-01,,12edeace57423e2b7df74a5b1ab581b02ffc432cdd1876a305aa0a5e4003eb1e,https://www.linkedin.com/learning/certificates/12edeace57423e2b7df74a5b1ab581b02ffc432cdd1876a305aa0a5e4003eb1e?trk=share_certificate,Sustainable Change,"PMI-variant over meetbare en duurzame verandering, resultaatgericht werken en structurele borging van verbeteringen.","LinkedIn; Change Management; Sustainable Change; Measurement; PMI"
Creating a Culture of Change,LinkedIn,Course,Change Management; Culture,Intermediate,2025-12-01,,7e3a5cec6bf6b5c64d850fcd03bdad476f7675553bcd311fd20887e2141f7f66,https://www.linkedin.com/learning/certificates/7e3a5cec6bf6b5c64d850fcd03bdad476f7675553bcd311fd20887e2141f7f66?trk=share_certificate,Change Culture,"Training over het creëren van een verandergerichte cultuur, adoptie, betrokkenheid en duurzame organisatieontwikkeling.","LinkedIn; Change Management; Culture; Adoption"
Creating a Culture of Change (PMI),LinkedIn,Course,Change Management; Culture,Intermediate,2025-12-01,,84d3917eca6ab82c341d2b2586965c7c9bc3d8352c8255f60255c7f49dab3fb5,https://www.linkedin.com/learning/certificates/84d3917eca6ab82c341d2b2586965c7c9bc3d8352c8255f60255c7f49dab3fb5?trk=share_certificate,Change Culture,"PMI-variant over het creëren van een verandergerichte cultuur, adoptie, betrokkenheid en duurzame organisatieontwikkeling.","LinkedIn; Change Management; Culture; Adoption; PMI"
Creating a Culture of Change (NASBA),LinkedIn,Course,Change Management; Culture,Intermediate,2025-12-01,,15206bc36ab245711674d46c87449a575e0f5139680159b7a9e8c5b423e3af45,https://www.linkedin.com/learning/certificates/15206bc36ab245711674d46c87449a575e0f5139680159b7a9e8c5b423e3af45?trk=share_certificate,Change Culture,"NASBA-variant over het creëren van een verandergerichte cultuur, adoptie, betrokkenheid en duurzame organisatieontwikkeling.","LinkedIn; Change Management; Culture; Adoption; NASBA"
Change Management Professional Certificate by LinkedIn Learning,LinkedIn,Professional Certificate,Change Management; Professional Certificate,Intermediate,2025-12-01,,01dc4569009e50da5844df3d0da2f1ba77454b4adf1e246a10438ab1d3c27c6d,https://www.linkedin.com/learning/certificates/01dc4569009e50da5844df3d0da2f1ba77454b4adf1e246a10438ab1d3c27c6d?trk=share_certificate,Change Management Professional Certificate,"Professioneel certificaat gericht op change management, planning, uitvoering, communicatie en duurzame adoptie.","LinkedIn; Change Management; Professional Certificate; Adoption"
Building Resilience,LinkedIn,Course,Resilience; Professional Skills,Beginner,2025-09-01,,fc1f52a87107596247c3b7557377972fa19089e8e59ea748fb589814ccb71112,https://www.linkedin.com/learning/certificates/fc1f52a87107596247c3b7557377972fa19089e8e59ea748fb589814ccb71112,Resilience Skills,"Introductie tot veerkracht, omgaan met druk en professioneel functioneren in veranderende werkomstandigheden.","LinkedIn; Resilience; Professional Skills; Human Skills"
Building Resilience (NASBA),LinkedIn,Course,Resilience; Professional Skills,Beginner,2025-09-01,,4a130e66b67c964513b1f07160d9f76889deb3f5b11994e4570581a08be0bcf6,https://www.linkedin.com/learning/certificates/4a130e66b67c964513b1f07160d9f76889deb3f5b11994e4570581a08be0bcf6?trk=share_certificate,Resilience Skills,"NASBA-variant over veerkracht, omgaan met druk en professioneel functioneren in veranderende werkomstandigheden.","LinkedIn; Resilience; Professional Skills; Human Skills; NASBA"
Teamwork Foundations,LinkedIn,Course,Teamwork; Collaboration,Beginner,2025-09-01,,53b258c9bc1f660b14040e4a1d224b10a32c719a4853611a1358d47dd8142654,https://www.linkedin.com/learning/certificates/53b258c9bc1f660b14040e4a1d224b10a32c719a4853611a1358d47dd8142654?trk=share_certificate,Teamwork Foundations,"Introductie tot effectief samenwerken, teamcommunicatie en professionele afstemming in werkcontext.","LinkedIn; Teamwork; Collaboration; Communication"
Teamwork Foundations (NASBA),LinkedIn,Course,Teamwork; Collaboration,Beginner,2025-09-01,,3ab3a8fc41f9133119ed1e0729c1787a4ed0dff57c19188745c8da995fd3e223,https://www.linkedin.com/learning/certificates/3ab3a8fc41f9133119ed1e0729c1787a4ed0dff57c19188745c8da995fd3e223?trk=share_certificate,Teamwork Foundations,"NASBA-variant over effectief samenwerken, teamcommunicatie en professionele afstemming in werkcontext.","LinkedIn; Teamwork; Collaboration; Communication; NASBA"
Teamwork Foundations (PMI),LinkedIn,Course,Teamwork; Collaboration,Beginner,2025-09-01,,8707b067dc9ddf4e89d42085df559887ebfb2475107cade98470164435b390b7,https://www.linkedin.com/learning/certificates/8707b067dc9ddf4e89d42085df559887ebfb2475107cade98470164435b390b7?trk=share_certificate,Teamwork Foundations,"PMI-variant over effectief samenwerken, teamcommunicatie en professionele afstemming in werkcontext.","LinkedIn; Teamwork; Collaboration; Communication; PMI"
vmbo/tl,Scholengemeenschap Guido de Brès,Diploma,Education; Secondary Education,Secondary Education,,,,,Secondary Education,"Diploma vmbo theoretische leerweg behaald bij Scholengemeenschap Guido de Brès.","Education; Secondary Education; vmbo/tl; Diploma"
Kaseya Certified Technician in Datto Backup,Kaseya University,Certification,Backup; Datto Backup; Business Continuity,Beginner,2026-07-16,2028-07-16,,,Kaseya Datto Backup,"Kaseya Certified Technician-certificering voor Datto Backup, gericht op basiskennis van backup, herstel en productgebruik binnen Kaseya/Datto-omgevingen.","Kaseya; Kaseya University; Datto Backup; Backup; Business Continuity; Certification"
Kaseya Certified Technician in Datto RMM,Kaseya University,Certification,RMM; Datto RMM; Remote Monitoring and Management,Beginner,2026-07-16,2028-07-16,,,Kaseya Datto RMM,"Kaseya Certified Technician-certificering voor Datto RMM, gericht op basiskennis van remote monitoring, endpointbeheer en productgebruik binnen Kaseya/Datto-omgevingen.","Kaseya; Kaseya University; Datto RMM; RMM; Remote Monitoring and Management; Certification"
Kaseya Certified Technician in IT Glue,Kaseya University,Certification,Documentation; IT Glue; IT Documentation,Beginner,2026-07-16,2028-07-16,,,Kaseya IT Glue,"Kaseya Certified Technician-certificering voor IT Glue, gericht op basiskennis van documentatiebeheer, informatiekwaliteit en productgebruik binnen Kaseya/IT Glue-omgevingen.","Kaseya; Kaseya University; IT Glue; Documentation; IT Documentation; Certification"
